[{"nome":"Harry Potter","editora":"Rocco","tipo":"novo","ano":2024,"volumes":7,"preco":500,"imagem":"boxLivros\/harryPotter.png"},{"nome":"A Divina Comedia","editora":"Principis","tipo":"novo","ano":2021,"volumes":3,"preco":75,"imagem":"boxLivros\/divinaComedia.png"},{"nome":"The Witcher","editora":"WMF Martins Fontes","tipo":"novo","ano":2020,"volumes":7,"preco":385,"imagem":"boxLivros\/theWitcher.png"},{"nome":"Sherlock Holmes","editora":"Principis","tipo":"novo","ano":2023,"volumes":10,"preco":90,"imagem":"boxLivros\/sherlock.png"},{"nome":"O senhor dos an\u00e9is","editora":"HarperCollins","tipo":"novo","ano":"2019","volumes":"3","preco":155,"imagem":"boxLivros\/oSenhor.png"},{"nome":"Jogos Vorazes","editora":"Rocco","tipo":"novo","ano":"2023","volumes":"4","preco":"225","imagem":"boxLivros\/jogos.png"}]